block_id,section_id,division,window_date,coa_window_start,coa_window_end,block_start_time,block_end_time,task_start_time,task_end_time,asset_id,department,duration_hours,priority_score,due_date,lateness_days,traffic_load,block_utilization,bundled_departments,bundled_department_count,source_system
COA-SEC-03-20260829-0000-0001,SEC-03,Delhi,2026-08-29,2026-08-29 00:00:00,2026-08-29 02:06:00,2026-08-29 00:00:00,2026-08-29 01:42:00,2026-08-29 00:00:00,2026-08-29 01:42:00,OHE-SEC-03-0061,Traction Distribution,1.7,47.8,2026-09-02,0,Low,0.8095,Traction Distribution,1,TDMS
COA-SEC-04-20260829-0000-0002,SEC-04,Delhi,2026-08-29,2026-08-29 00:00:00,2026-08-29 05:36:00,2026-08-29 00:00:00,2026-08-29 05:00:00,2026-08-29 00:00:00,2026-08-29 04:12:00,SIG-SEC-04-0121,Signal & Telecom,4.2,82.99,2026-08-07,22,Low,0.8929,Signal & Telecom,1,SMMS
COA-SEC-04-20260829-0000-0002,SEC-04,Delhi,2026-08-29,2026-08-29 00:00:00,2026-08-29 05:36:00,2026-08-29 00:00:00,2026-08-29 05:00:00,2026-08-29 04:12:00,2026-08-29 05:00:00,SIG-SEC-04-0130,Signal & Telecom,0.8,24.05,2026-08-19,10,Low,0.8929,Signal & Telecom,1,SMMS
COA-SEC-04-20260829-0200-0003,SEC-04,Delhi,2026-08-29,2026-08-29 02:00:00,2026-08-29 07:12:00,2026-08-29 05:00:00,2026-08-29 07:06:00,2026-08-29 05:00:00,2026-08-29 06:06:00,OHE-SEC-04-0081,Traction Distribution,1.1,41.38,2026-08-14,15,Low,0.4038,Signal & Telecom|Traction Distribution,2,TDMS
COA-SEC-04-20260829-0200-0003,SEC-04,Delhi,2026-08-29,2026-08-29 02:00:00,2026-08-29 07:12:00,2026-08-29 05:00:00,2026-08-29 07:06:00,2026-08-29 06:06:00,2026-08-29 07:06:00,SIG-SEC-04-0087,Signal & Telecom,1.0,24.04,2026-08-19,10,Low,0.4038,Signal & Telecom|Traction Distribution,2,SMMS
COA-SEC-02-20260830-0100-0009,SEC-02,Ambala,2026-08-30,2026-08-30 01:00:00,2026-08-30 03:12:00,2026-08-30 01:00:00,2026-08-30 03:00:00,2026-08-30 01:00:00,2026-08-30 02:06:00,SIG-SEC-02-0083,Signal & Telecom,1.1,42.68,2026-08-22,8,Medium,0.9091,Signal & Telecom|Traction Distribution,2,SMMS
COA-SEC-02-20260830-0100-0009,SEC-02,Ambala,2026-08-30,2026-08-30 01:00:00,2026-08-30 03:12:00,2026-08-30 01:00:00,2026-08-30 03:00:00,2026-08-30 02:06:00,2026-08-30 03:00:00,OHE-SEC-02-0085,Traction Distribution,0.9,16.58,2026-08-23,7,Medium,0.9091,Signal & Telecom|Traction Distribution,2,TDMS
COA-SEC-04-20260830-0200-0010,SEC-04,Delhi,2026-08-30,2026-08-30 02:00:00,2026-08-30 04:48:00,2026-08-30 02:00:00,2026-08-30 04:36:00,2026-08-30 02:00:00,2026-08-30 04:36:00,OHE-SEC-04-0134,Traction Distribution,2.6,59.7,2026-08-16,14,Low,0.9286,Traction Distribution,1,TDMS
COA-SEC-07-20260830-2200-0013,SEC-07,Firozpur,2026-08-30,2026-08-30 22:00:00,2026-08-31 00:06:00,2026-08-30 22:00:00,2026-08-30 23:48:00,2026-08-30 22:00:00,2026-08-30 23:48:00,TRK-SEC-07-0012,Engineering,1.8,25.2,2026-08-25,6,Low,0.8571,Engineering,1,TMS
COA-SEC-02-20260831-2200-0015,SEC-02,Ambala,2026-08-31,2026-08-31 22:00:00,2026-09-01 00:42:00,2026-08-31 22:00:00,2026-09-01 00:30:00,2026-08-31 22:00:00,2026-08-31 23:18:00,SIG-SEC-02-0003,Signal & Telecom,1.3,35.31,2026-08-18,14,Low,0.9259,Engineering|Signal & Telecom,2,SMMS
COA-SEC-02-20260831-2200-0015,SEC-02,Ambala,2026-08-31,2026-08-31 22:00:00,2026-09-01 00:42:00,2026-08-31 22:00:00,2026-09-01 00:30:00,2026-08-31 23:18:00,2026-09-01 00:30:00,TRK-SEC-02-0176,Engineering,1.2,20.51,2026-08-25,7,Low,0.9259,Engineering|Signal & Telecom,2,TMS
COA-SEC-04-20260831-2100-0017,SEC-04,Delhi,2026-08-31,2026-08-31 21:00:00,2026-08-31 23:06:00,2026-08-31 21:00:00,2026-08-31 22:54:00,2026-08-31 21:00:00,2026-08-31 22:54:00,SIG-SEC-04-0155,Signal & Telecom,1.9,23.16,2026-08-29,2,High,0.9048,Signal & Telecom,1,SMMS
COA-SEC-06-20260831-2100-0020,SEC-06,Moradabad,2026-08-31,2026-08-31 21:00:00,2026-09-01 02:12:00,2026-08-31 21:00:00,2026-09-01 02:06:00,2026-08-31 21:00:00,2026-09-01 02:06:00,TRK-SEC-06-0133,Engineering,5.1,83.16,2026-08-10,22,Low,0.9808,Engineering,1,TMS
COA-SEC-07-20260831-2300-0021,SEC-07,Firozpur,2026-08-31,2026-08-31 23:00:00,2026-09-01 02:12:00,2026-08-31 23:00:00,2026-09-01 01:48:00,2026-08-31 23:00:00,2026-09-01 01:48:00,TRK-SEC-07-0129,Engineering,2.8,33.07,2026-08-30,2,High,0.875,Engineering,1,TMS
COA-SEC-01-20260901-0000-0023,SEC-01,Ambala,2026-09-01,2026-09-01 00:00:00,2026-09-01 01:36:00,2026-09-01 00:00:00,2026-09-01 01:18:00,2026-09-01 00:00:00,2026-09-01 01:18:00,SIG-SEC-01-0106,Signal & Telecom,1.3,15.82,2026-09-08,0,Low,0.8125,Signal & Telecom,1,SMMS
COA-SEC-02-20260901-2300-0024,SEC-02,Ambala,2026-09-01,2026-09-01 23:00:00,2026-09-02 01:00:00,2026-09-01 23:00:00,2026-09-02 00:12:00,2026-09-01 23:00:00,2026-09-02 00:12:00,SIG-SEC-02-0011,Signal & Telecom,1.2,18.41,2026-08-20,13,Low,0.6,Signal & Telecom,1,SMMS
COA-SEC-03-20260901-0100-0025,SEC-03,Delhi,2026-09-01,2026-09-01 01:00:00,2026-09-01 04:06:00,2026-09-01 01:00:00,2026-09-01 03:06:00,2026-09-01 01:00:00,2026-09-01 03:06:00,SIG-SEC-03-0072,Signal & Telecom,2.1,49.29,2026-08-28,4,High,0.6774,Signal & Telecom,1,SMMS
COA-SEC-04-20260901-0000-0026,SEC-04,Delhi,2026-09-01,2026-09-01 00:00:00,2026-09-01 04:42:00,2026-09-01 00:00:00,2026-09-01 04:42:00,2026-09-01 00:00:00,2026-09-01 03:36:00,SIG-SEC-04-0144,Signal & Telecom,3.6,47.66,2026-08-22,10,Low,1.0,Engineering|Signal & Telecom,2,SMMS
COA-SEC-04-20260901-0000-0026,SEC-04,Delhi,2026-09-01,2026-09-01 00:00:00,2026-09-01 04:42:00,2026-09-01 00:00:00,2026-09-01 04:42:00,2026-09-01 03:36:00,2026-09-01 04:42:00,TRK-SEC-04-0006,Engineering,1.1,17.47,2026-09-06,0,Low,1.0,Engineering|Signal & Telecom,2,TMS
COA-SEC-07-20260901-2200-0030,SEC-07,Firozpur,2026-09-01,2026-09-01 22:00:00,2026-09-02 01:24:00,2026-09-01 22:00:00,2026-09-02 01:24:00,2026-09-01 22:00:00,2026-09-01 23:12:00,OHE-SEC-07-0104,Traction Distribution,1.2,42.81,2026-08-31,2,Medium,1.0,Engineering|Traction Distribution,2,TDMS
COA-SEC-07-20260901-2200-0030,SEC-07,Firozpur,2026-09-01,2026-09-01 22:00:00,2026-09-02 01:24:00,2026-09-01 22:00:00,2026-09-02 01:24:00,2026-09-01 23:12:00,2026-09-02 01:24:00,TRK-SEC-07-0056,Engineering,2.2,43.36,2026-08-22,11,Medium,1.0,Engineering|Traction Distribution,2,TMS
COA-SEC-08-20260901-0000-0031,SEC-08,Firozpur,2026-09-01,2026-09-01 00:00:00,2026-09-01 04:54:00,2026-09-01 00:00:00,2026-09-01 04:36:00,2026-09-01 00:00:00,2026-09-01 02:54:00,OHE-SEC-08-0138,Traction Distribution,2.9,51.25,2026-08-14,18,Low,0.9388,Traction Distribution,1,TDMS
COA-SEC-08-20260901-0000-0031,SEC-08,Firozpur,2026-09-01,2026-09-01 00:00:00,2026-09-01 04:54:00,2026-09-01 00:00:00,2026-09-01 04:36:00,2026-09-01 02:54:00,2026-09-01 04:36:00,OHE-SEC-08-0073,Traction Distribution,1.7,17.6,2026-08-31,1,Low,0.9388,Traction Distribution,1,TDMS
COA-SEC-02-20260902-0000-0033,SEC-02,Ambala,2026-09-02,2026-09-02 00:00:00,2026-09-02 01:42:00,2026-09-02 00:12:00,2026-09-02 01:30:00,2026-09-02 00:12:00,2026-09-02 00:54:00,SIG-SEC-02-0079,Signal & Telecom,0.7,24.16,2026-08-30,3,High,0.7647,Signal & Telecom,1,SMMS
COA-SEC-02-20260902-0000-0033,SEC-02,Ambala,2026-09-02,2026-09-02 00:00:00,2026-09-02 01:42:00,2026-09-02 00:12:00,2026-09-02 01:30:00,2026-09-02 00:54:00,2026-09-02 01:30:00,SIG-SEC-02-0041,Signal & Telecom,0.6,27.51,2026-09-11,0,High,0.7647,Signal & Telecom,1,SMMS
COA-SEC-04-20260902-2300-0036,SEC-04,Delhi,2026-09-02,2026-09-02 23:00:00,2026-09-03 02:36:00,2026-09-02 23:00:00,2026-09-03 02:12:00,2026-09-02 23:00:00,2026-09-03 02:12:00,SIG-SEC-04-0065,Signal & Telecom,3.2,83.37,2026-08-14,20,Low,0.8889,Signal & Telecom,1,SMMS
COA-SEC-02-20260903-0100-0038,SEC-02,Ambala,2026-09-03,2026-09-03 01:00:00,2026-09-03 03:42:00,2026-09-03 01:00:00,2026-09-03 03:42:00,2026-09-03 01:00:00,2026-09-03 02:06:00,SIG-SEC-02-0060,Signal & Telecom,1.1,54.48,2026-08-24,10,Medium,1.0,Engineering|Signal & Telecom,2,SMMS
COA-SEC-02-20260903-0100-0038,SEC-02,Ambala,2026-09-03,2026-09-03 01:00:00,2026-09-03 03:42:00,2026-09-03 01:00:00,2026-09-03 03:42:00,2026-09-03 02:06:00,2026-09-03 03:42:00,TRK-SEC-02-0126,Engineering,1.6,12.37,2026-09-09,0,Medium,1.0,Engineering|Signal & Telecom,2,TMS
COA-SEC-05-20260903-2300-0041,SEC-05,Moradabad,2026-09-03,2026-09-03 23:00:00,2026-09-04 02:18:00,2026-09-03 23:00:00,2026-09-04 02:18:00,2026-09-03 23:00:00,2026-09-04 01:12:00,SIG-SEC-05-0047,Signal & Telecom,2.2,58.05,2026-08-24,11,Medium,1.0,Signal & Telecom,1,SMMS
COA-SEC-05-20260903-2300-0041,SEC-05,Moradabad,2026-09-03,2026-09-03 23:00:00,2026-09-04 02:18:00,2026-09-03 23:00:00,2026-09-04 02:18:00,2026-09-04 01:12:00,2026-09-04 02:18:00,SIG-SEC-05-0026,Signal & Telecom,1.1,50.68,2026-08-29,6,Medium,1.0,Signal & Telecom,1,SMMS
COA-SEC-06-20260903-0000-0042,SEC-06,Moradabad,2026-09-03,2026-09-03 00:00:00,2026-09-03 05:12:00,2026-09-03 00:00:00,2026-09-03 05:12:00,2026-09-03 00:00:00,2026-09-03 01:12:00,SIG-SEC-06-0091,Signal & Telecom,1.2,43.02,2026-08-15,19,Medium,1.0,Signal & Telecom,1,SMMS
COA-SEC-06-20260903-0000-0042,SEC-06,Moradabad,2026-09-03,2026-09-03 00:00:00,2026-09-03 05:12:00,2026-09-03 00:00:00,2026-09-03 05:12:00,2026-09-03 01:12:00,2026-09-03 01:48:00,SIG-SEC-06-0170,Signal & Telecom,0.6,27.52,2026-09-13,0,Medium,1.0,Signal & Telecom,1,SMMS
COA-SEC-06-20260903-0000-0042,SEC-06,Moradabad,2026-09-03,2026-09-03 00:00:00,2026-09-03 05:12:00,2026-09-03 00:00:00,2026-09-03 05:12:00,2026-09-03 01:48:00,2026-09-03 05:12:00,SIG-SEC-06-0025,Signal & Telecom,3.4,28.5,2026-08-27,7,Medium,1.0,Signal & Telecom,1,SMMS
COA-SEC-01-20260904-2300-0044,SEC-01,Ambala,2026-09-04,2026-09-04 23:00:00,2026-09-05 02:24:00,2026-09-04 23:00:00,2026-09-05 02:24:00,2026-09-04 23:00:00,2026-09-04 23:48:00,SIG-SEC-01-0045,Signal & Telecom,0.8,15.81,2026-09-10,0,Low,1.0,Signal & Telecom,1,SMMS
COA-SEC-01-20260904-2300-0044,SEC-01,Ambala,2026-09-04,2026-09-04 23:00:00,2026-09-05 02:24:00,2026-09-04 23:00:00,2026-09-05 02:24:00,2026-09-04 23:48:00,2026-09-05 02:24:00,SIG-SEC-01-0093,Signal & Telecom,2.6,88.69,2026-08-16,20,Low,1.0,Signal & Telecom,1,SMMS
COA-SEC-02-20260904-2300-0045,SEC-02,Ambala,2026-09-04,2026-09-04 23:00:00,2026-09-05 01:12:00,2026-09-04 23:00:00,2026-09-05 00:54:00,2026-09-04 23:00:00,2026-09-05 00:54:00,TRK-SEC-02-0115,Engineering,1.9,19.96,2026-08-22,14,High,0.8636,Engineering,1,TMS
COA-SEC-04-20260904-0100-0047,SEC-04,Delhi,2026-09-04,2026-09-04 01:00:00,2026-09-04 05:48:00,2026-09-04 01:00:00,2026-09-04 05:42:00,2026-09-04 01:00:00,2026-09-04 04:42:00,TRK-SEC-04-0104,Engineering,3.7,24.13,2026-08-27,8,Low,0.9792,Engineering|Traction Distribution,2,TMS
COA-SEC-04-20260904-0100-0047,SEC-04,Delhi,2026-09-04,2026-09-04 01:00:00,2026-09-04 05:48:00,2026-09-04 01:00:00,2026-09-04 05:42:00,2026-09-04 04:42:00,2026-09-04 05:42:00,OHE-SEC-04-0156,Traction Distribution,1.0,14.69,2026-08-26,9,Low,0.9792,Engineering|Traction Distribution,2,TDMS
COA-SEC-05-20260904-2200-0048,SEC-05,Moradabad,2026-09-04,2026-09-04 22:00:00,2026-09-05 00:42:00,2026-09-04 22:00:00,2026-09-05 00:30:00,2026-09-04 22:00:00,2026-09-04 23:12:00,SIG-SEC-05-0074,Signal & Telecom,1.2,46.39,2026-08-28,8,Low,0.9259,Signal & Telecom,1,SMMS
COA-SEC-05-20260904-2200-0048,SEC-05,Moradabad,2026-09-04,2026-09-04 22:00:00,2026-09-05 00:42:00,2026-09-04 22:00:00,2026-09-05 00:30:00,2026-09-04 23:12:00,2026-09-05 00:30:00,SIG-SEC-05-0115,Signal & Telecom,1.3,28.02,2026-08-31,5,Low,0.9259,Signal & Telecom,1,SMMS
COA-SEC-07-20260904-2300-0049,SEC-07,Firozpur,2026-09-04,2026-09-04 23:00:00,2026-09-05 01:30:00,2026-09-04 23:00:00,2026-09-05 01:18:00,2026-09-04 23:00:00,2026-09-05 01:18:00,SIG-SEC-07-0017,Signal & Telecom,2.3,48.48,2026-09-03,2,Low,0.92,Signal & Telecom,1,SMMS
COA-SEC-01-20260905-2200-0051,SEC-01,Ambala,2026-09-05,2026-09-05 22:00:00,2026-09-05 23:36:00,2026-09-05 22:00:00,2026-09-05 23:36:00,2026-09-05 22:00:00,2026-09-05 23:36:00,OHE-SEC-01-0153,Traction Distribution,1.6,32.79,2026-08-20,16,High,1.0,Traction Distribution,1,TDMS
COA-SEC-02-20260905-0100-0052,SEC-02,Ambala,2026-09-05,2026-09-05 01:00:00,2026-09-05 03:12:00,2026-09-05 01:00:00,2026-09-05 02:24:00,2026-09-05 01:00:00,2026-09-05 02:24:00,OHE-SEC-02-0132,Traction Distribution,1.4,51.12,2026-09-03,2,Medium,0.6364,Traction Distribution,1,TDMS
COA-SEC-04-20260905-2300-0054,SEC-04,Delhi,2026-09-05,2026-09-05 23:00:00,2026-09-06 05:00:00,2026-09-05 23:00:00,2026-09-06 04:30:00,2026-09-05 23:00:00,2026-09-06 00:24:00,OHE-SEC-04-0113,Traction Distribution,1.4,43.09,2026-08-29,8,Medium,0.9167,Traction Distribution,1,TDMS
COA-SEC-04-20260905-2300-0054,SEC-04,Delhi,2026-09-05,2026-09-05 23:00:00,2026-09-06 05:00:00,2026-09-05 23:00:00,2026-09-06 04:30:00,2026-09-06 00:24:00,2026-09-06 04:30:00,OHE-SEC-04-0052,Traction Distribution,4.1,76.65,2026-08-17,20,Medium,0.9167,Traction Distribution,1,TDMS
COA-SEC-01-20260906-0000-0061,SEC-01,Ambala,2026-09-06,2026-09-06 00:00:00,2026-09-06 03:24:00,2026-09-06 00:00:00,2026-09-06 03:24:00,2026-09-06 00:00:00,2026-09-06 01:54:00,SIG-SEC-01-0125,Signal & Telecom,1.9,13.76,2026-08-27,10,Low,1.0,Signal & Telecom,1,SMMS
COA-SEC-01-20260906-0000-0061,SEC-01,Ambala,2026-09-06,2026-09-06 00:00:00,2026-09-06 03:24:00,2026-09-06 00:00:00,2026-09-06 03:24:00,2026-09-06 01:54:00,2026-09-06 03:24:00,SIG-SEC-01-0075,Signal & Telecom,1.5,20.03,2026-08-22,15,Low,1.0,Signal & Telecom,1,SMMS
COA-SEC-02-20260906-2300-0062,SEC-02,Ambala,2026-09-06,2026-09-06 23:00:00,2026-09-07 01:00:00,2026-09-06 23:00:00,2026-09-07 00:48:00,2026-09-06 23:00:00,2026-09-07 00:48:00,TRK-SEC-02-0179,Engineering,1.8,28.1,2026-08-28,10,Low,0.9,Engineering,1,TMS
COA-SEC-04-20260906-2100-0064,SEC-04,Delhi,2026-09-06,2026-09-06 21:00:00,2026-09-07 00:48:00,2026-09-06 21:00:00,2026-09-07 00:24:00,2026-09-06 21:00:00,2026-09-06 22:42:00,OHE-SEC-04-0108,Traction Distribution,1.7,21.37,2026-08-23,15,Low,0.8947,Traction Distribution,1,TDMS
COA-SEC-04-20260906-2100-0064,SEC-04,Delhi,2026-09-06,2026-09-06 21:00:00,2026-09-07 00:48:00,2026-09-06 21:00:00,2026-09-07 00:24:00,2026-09-06 22:42:00,2026-09-07 00:24:00,OHE-SEC-04-0141,Traction Distribution,1.7,21.3,2026-08-24,14,Low,0.8947,Traction Distribution,1,TDMS
COA-SEC-07-20260906-2200-0067,SEC-07,Firozpur,2026-09-06,2026-09-06 22:00:00,2026-09-07 01:06:00,2026-09-06 22:00:00,2026-09-07 00:12:00,2026-09-06 22:00:00,2026-09-06 23:06:00,OHE-SEC-07-0067,Traction Distribution,1.1,22.79,2026-08-21,17,Low,0.7097,Traction Distribution,1,TDMS
COA-SEC-07-20260906-2200-0067,SEC-07,Firozpur,2026-09-06,2026-09-06 22:00:00,2026-09-07 01:06:00,2026-09-06 22:00:00,2026-09-07 00:12:00,2026-09-06 23:06:00,2026-09-07 00:12:00,OHE-SEC-07-0151,Traction Distribution,1.1,27.4,2026-09-08,0,Low,0.7097,Traction Distribution,1,TDMS
COA-SEC-01-20260907-2200-0069,SEC-01,Ambala,2026-09-07,2026-09-07 22:00:00,2026-09-08 00:24:00,2026-09-07 22:00:00,2026-09-07 23:06:00,2026-09-07 22:00:00,2026-09-07 23:06:00,SIG-SEC-01-0127,Signal & Telecom,1.1,22.53,2026-09-12,0,Low,0.4583,Signal & Telecom,1,SMMS
COA-SEC-02-20260907-2200-0070,SEC-02,Ambala,2026-09-07,2026-09-07 22:00:00,2026-09-07 23:42:00,2026-09-07 22:00:00,2026-09-07 23:30:00,2026-09-07 22:00:00,2026-09-07 23:30:00,TRK-SEC-02-0054,Engineering,1.5,24.08,2026-09-03,4,Low,0.8824,Engineering,1,TMS
COA-SEC-04-20260907-2200-0072,SEC-04,Delhi,2026-09-07,2026-09-07 22:00:00,2026-09-08 00:54:00,2026-09-07 22:00:00,2026-09-08 00:30:00,2026-09-07 22:00:00,2026-09-07 22:42:00,OHE-SEC-04-0020,Traction Distribution,0.7,48.82,2026-08-27,12,Low,0.8621,Traction Distribution,1,TDMS
COA-SEC-04-20260907-2200-0072,SEC-04,Delhi,2026-09-07,2026-09-07 22:00:00,2026-09-08 00:54:00,2026-09-07 22:00:00,2026-09-08 00:30:00,2026-09-07 22:42:00,2026-09-08 00:30:00,OHE-SEC-04-0133,Traction Distribution,1.8,24.09,2026-08-30,9,Low,0.8621,Traction Distribution,1,TDMS
COA-SEC-07-20260907-0000-0075,SEC-07,Firozpur,2026-09-07,2026-09-07 00:00:00,2026-09-07 01:48:00,2026-09-07 00:12:00,2026-09-07 01:48:00,2026-09-07 00:12:00,2026-09-07 01:06:00,SIG-SEC-07-0173,Signal & Telecom,0.9,33.45,2026-08-20,18,Low,0.8889,Signal & Telecom|Traction Distribution,2,SMMS
COA-SEC-07-20260907-0000-0075,SEC-07,Firozpur,2026-09-07,2026-09-07 00:00:00,2026-09-07 01:48:00,2026-09-07 00:12:00,2026-09-07 01:48:00,2026-09-07 01:06:00,2026-09-07 01:48:00,OHE-SEC-07-0107,Traction Distribution,0.7,15.7,2026-09-10,0,Low,0.8889,Signal & Telecom|Traction Distribution,2,TDMS
COA-SEC-04-20260908-2200-0078,SEC-04,Delhi,2026-09-08,2026-09-08 22:00:00,2026-09-09 02:54:00,2026-09-08 22:00:00,2026-09-09 02:12:00,2026-09-08 22:00:00,2026-09-09 02:12:00,TRK-SEC-04-0074,Engineering,4.2,45.21,2026-08-10,30,Low,0.8571,Engineering,1,TMS
COA-SEC-07-20260908-2300-0082,SEC-07,Firozpur,2026-09-08,2026-09-08 23:00:00,2026-09-09 01:00:00,2026-09-08 23:01:00,2026-09-09 00:19:00,2026-09-08 23:01:00,2026-09-09 00:19:00,OHE-SEC-07-0136,Traction Distribution,1.3,41.67,2026-08-23,17,High,0.65,Traction Distribution,1,TDMS
COA-SEC-02-20260909-2300-0085,SEC-02,Ambala,2026-09-09,2026-09-09 23:00:00,2026-09-10 02:06:00,2026-09-09 23:00:00,2026-09-10 01:42:00,2026-09-09 23:00:00,2026-09-10 01:00:00,TRK-SEC-02-0149,Engineering,2.0,17.49,2026-08-30,11,Low,0.871,Engineering|Signal & Telecom,2,TMS
COA-SEC-02-20260909-2300-0085,SEC-02,Ambala,2026-09-09,2026-09-09 23:00:00,2026-09-10 02:06:00,2026-09-09 23:00:00,2026-09-10 01:42:00,2026-09-10 01:00:00,2026-09-10 01:42:00,SIG-SEC-02-0055,Signal & Telecom,0.7,16.0,2026-08-29,12,Low,0.871,Engineering|Signal & Telecom,2,SMMS
COA-SEC-04-20260909-2300-0087,SEC-04,Delhi,2026-09-09,2026-09-09 23:00:00,2026-09-10 04:18:00,2026-09-09 23:00:00,2026-09-10 04:00:00,2026-09-09 23:00:00,2026-09-10 02:06:00,TRK-SEC-04-0008,Engineering,3.1,44.48,2026-08-14,27,Low,0.9434,Engineering|Signal & Telecom|Traction Distribution,3,TMS
COA-SEC-04-20260909-2300-0087,SEC-04,Delhi,2026-09-09,2026-09-09 23:00:00,2026-09-10 04:18:00,2026-09-09 23:00:00,2026-09-10 04:00:00,2026-09-10 02:06:00,2026-09-10 03:06:00,OHE-SEC-04-0069,Traction Distribution,1.0,25.26,2026-08-20,21,Low,0.9434,Engineering|Signal & Telecom|Traction Distribution,3,TDMS
COA-SEC-04-20260909-2300-0087,SEC-04,Delhi,2026-09-09,2026-09-09 23:00:00,2026-09-10 04:18:00,2026-09-09 23:00:00,2026-09-10 04:00:00,2026-09-10 03:06:00,2026-09-10 04:00:00,SIG-SEC-04-0095,Signal & Telecom,0.9,12.39,2026-09-03,7,Low,0.9434,Engineering|Signal & Telecom|Traction Distribution,3,SMMS
COA-SEC-07-20260909-0100-0090,SEC-07,Firozpur,2026-09-09,2026-09-09 01:00:00,2026-09-09 02:48:00,2026-09-09 01:00:00,2026-09-09 01:54:00,2026-09-09 01:00:00,2026-09-09 01:54:00,SIG-SEC-07-0101,Signal & Telecom,0.9,12.45,2026-09-10,0,High,0.5,Signal & Telecom,1,SMMS
COA-SEC-06-20260910-2200-0098,SEC-06,Moradabad,2026-09-10,2026-09-10 22:00:00,2026-09-11 02:36:00,2026-09-10 22:00:00,2026-09-11 02:30:00,2026-09-10 22:00:00,2026-09-10 23:36:00,TRK-SEC-06-0205,Engineering,1.6,15.89,2026-09-01,10,Medium,0.9783,Engineering,1,TMS
COA-SEC-06-20260910-2200-0098,SEC-06,Moradabad,2026-09-10,2026-09-10 22:00:00,2026-09-11 02:36:00,2026-09-10 22:00:00,2026-09-11 02:30:00,2026-09-10 23:36:00,2026-09-11 02:30:00,TRK-SEC-06-0131,Engineering,2.9,17.51,2026-08-31,11,Medium,0.9783,Engineering,1,TMS
COA-SEC-02-20260911-0000-0101,SEC-02,Ambala,2026-09-11,2026-09-11 00:00:00,2026-09-11 03:18:00,2026-09-11 00:00:00,2026-09-11 02:54:00,2026-09-11 00:00:00,2026-09-11 02:54:00,TRK-SEC-02-0177,Engineering,2.9,32.69,2026-08-20,22,Low,0.8788,Engineering,1,TMS
COA-SEC-04-20260911-0100-0104,SEC-04,Delhi,2026-09-11,2026-09-11 01:00:00,2026-09-11 06:12:00,2026-09-11 01:00:00,2026-09-11 05:48:00,2026-09-11 01:00:00,2026-09-11 05:48:00,OHE-SEC-04-0111,Traction Distribution,4.8,75.3,2026-08-13,29,Low,0.9231,Traction Distribution,1,TDMS
COA-SEC-04-20260911-2200-0103,SEC-04,Delhi,2026-09-11,2026-09-11 22:00:00,2026-09-12 02:06:00,2026-09-11 22:00:00,2026-09-12 02:06:00,2026-09-11 22:00:00,2026-09-11 23:24:00,SIG-SEC-04-0161,Signal & Telecom,1.4,42.87,2026-08-14,29,Low,1.0,Signal & Telecom|Traction Distribution,2,SMMS
COA-SEC-04-20260911-2200-0103,SEC-04,Delhi,2026-09-11,2026-09-11 22:00:00,2026-09-12 02:06:00,2026-09-11 22:00:00,2026-09-12 02:06:00,2026-09-11 23:24:00,2026-09-12 02:06:00,OHE-SEC-04-0150,Traction Distribution,2.7,69.76,2026-08-22,21,Low,1.0,Signal & Telecom|Traction Distribution,2,TDMS
COA-SEC-06-20260911-2100-0106,SEC-06,Moradabad,2026-09-11,2026-09-11 21:00:00,2026-09-12 02:24:00,2026-09-11 21:00:00,2026-09-12 02:24:00,2026-09-11 21:00:00,2026-09-11 23:12:00,SIG-SEC-06-0131,Signal & Telecom,2.2,28.46,2026-08-28,15,Low,1.0,Engineering|Signal & Telecom|Traction Distribution,3,SMMS
COA-SEC-06-20260911-2100-0106,SEC-06,Moradabad,2026-09-11,2026-09-11 21:00:00,2026-09-12 02:24:00,2026-09-11 21:00:00,2026-09-12 02:24:00,2026-09-11 23:12:00,2026-09-12 00:36:00,SIG-SEC-06-0109,Signal & Telecom,1.4,30.35,2026-08-19,24,Low,1.0,Engineering|Signal & Telecom|Traction Distribution,3,SMMS
COA-SEC-06-20260911-2100-0106,SEC-06,Moradabad,2026-09-11,2026-09-11 21:00:00,2026-09-12 02:24:00,2026-09-11 21:00:00,2026-09-12 02:24:00,2026-09-12 00:36:00,2026-09-12 01:48:00,TRK-SEC-06-0124,Engineering,1.2,18.18,2026-08-28,15,Low,1.0,Engineering|Signal & Telecom|Traction Distribution,3,TMS
COA-SEC-06-20260911-2100-0106,SEC-06,Moradabad,2026-09-11,2026-09-11 21:00:00,2026-09-12 02:24:00,2026-09-11 21:00:00,2026-09-12 02:24:00,2026-09-12 01:48:00,2026-09-12 02:24:00,OHE-SEC-06-0015,Traction Distribution,0.6,14.3,2026-08-26,17,Low,1.0,Engineering|Signal & Telecom|Traction Distribution,3,TDMS
COA-SEC-07-20260911-2200-0108,SEC-07,Firozpur,2026-09-11,2026-09-11 22:00:00,2026-09-12 00:42:00,2026-09-11 22:00:00,2026-09-12 00:24:00,2026-09-11 22:00:00,2026-09-12 00:24:00,TRK-SEC-07-0110,Engineering,2.4,32.18,2026-08-17,26,Low,0.8889,Engineering,1,TMS
COA-SEC-01-20260912-0000-0110,SEC-01,Ambala,2026-09-12,2026-09-12 00:00:00,2026-09-12 03:18:00,2026-09-12 00:00:00,2026-09-12 03:18:00,2026-09-12 00:00:00,2026-09-12 00:30:00,SIG-SEC-01-0049,Signal & Telecom,0.5,12.46,2026-09-04,8,High,1.0,Signal & Telecom,1,SMMS
COA-SEC-01-20260912-0000-0110,SEC-01,Ambala,2026-09-12,2026-09-12 00:00:00,2026-09-12 03:18:00,2026-09-12 00:00:00,2026-09-12 03:18:00,2026-09-12 00:30:00,2026-09-12 01:12:00,SIG-SEC-01-0071,Signal & Telecom,0.7,30.83,2026-09-13,0,High,1.0,Signal & Telecom,1,SMMS
COA-SEC-01-20260912-0000-0110,SEC-01,Ambala,2026-09-12,2026-09-12 00:00:00,2026-09-12 03:18:00,2026-09-12 00:00:00,2026-09-12 03:18:00,2026-09-12 01:12:00,2026-09-12 03:18:00,SIG-SEC-01-0040,Signal & Telecom,2.1,52.61,2026-08-22,21,High,1.0,Signal & Telecom,1,SMMS
COA-SEC-02-20260912-0000-0111,SEC-02,Ambala,2026-09-12,2026-09-12 00:00:00,2026-09-12 02:42:00,2026-09-12 00:00:00,2026-09-12 02:42:00,2026-09-12 00:00:00,2026-09-12 02:42:00,TRK-SEC-02-0034,Engineering,2.7,44.03,2026-09-12,0,Low,1.0,Engineering,1,TMS
COA-SEC-07-20260912-2300-0116,SEC-07,Firozpur,2026-09-12,2026-09-12 23:00:00,2026-09-13 01:48:00,2026-09-12 23:00:00,2026-09-13 01:24:00,2026-09-12 23:00:00,2026-09-13 01:24:00,TRK-SEC-07-0152,Engineering,2.4,22.71,2026-09-12,1,Medium,0.8571,Engineering,1,TMS
COA-SEC-02-20260913-0100-0119,SEC-02,Ambala,2026-09-13,2026-09-13 01:00:00,2026-09-13 03:00:00,2026-09-13 01:00:00,2026-09-13 03:00:00,2026-09-13 01:00:00,2026-09-13 02:12:00,TRK-SEC-02-0079,Engineering,1.2,23.25,2026-08-20,24,Low,1.0,Engineering|Signal & Telecom,2,TMS
COA-SEC-02-20260913-0100-0119,SEC-02,Ambala,2026-09-13,2026-09-13 01:00:00,2026-09-13 03:00:00,2026-09-13 01:00:00,2026-09-13 03:00:00,2026-09-13 02:12:00,2026-09-13 03:00:00,SIG-SEC-02-0031,Signal & Telecom,0.8,17.3,2026-08-22,22,Low,1.0,Engineering|Signal & Telecom,2,SMMS
COA-SEC-04-20260913-2100-0120,SEC-04,Delhi,2026-09-13,2026-09-13 21:00:00,2026-09-14 01:54:00,2026-09-13 21:00:00,2026-09-14 01:30:00,2026-09-13 21:00:00,2026-09-14 00:00:00,SIG-SEC-04-0073,Signal & Telecom,3.0,60.38,2026-08-19,26,Low,0.9184,Engineering|Signal & Telecom,2,SMMS
COA-SEC-04-20260913-2100-0120,SEC-04,Delhi,2026-09-13,2026-09-13 21:00:00,2026-09-14 01:54:00,2026-09-13 21:00:00,2026-09-14 01:30:00,2026-09-14 00:00:00,2026-09-14 01:30:00,TRK-SEC-04-0097,Engineering,1.5,18.38,2026-08-20,25,Low,0.9184,Engineering|Signal & Telecom,2,TMS
COA-SEC-04-20260913-2300-0121,SEC-04,Delhi,2026-09-13,2026-09-13 23:00:00,2026-09-14 03:06:00,2026-09-14 01:30:00,2026-09-14 03:06:00,2026-09-14 01:30:00,2026-09-14 03:06:00,TRK-SEC-04-0168,Engineering,1.6,17.46,2026-09-13,1,Low,0.3902,Engineering,1,TMS
COA-SEC-05-20260913-2200-0122,SEC-05,Moradabad,2026-09-13,2026-09-13 22:00:00,2026-09-14 00:00:00,2026-09-13 22:00:00,2026-09-14 00:00:00,2026-09-13 22:00:00,2026-09-14 00:00:00,OHE-SEC-05-0083,Traction Distribution,2.0,34.06,2026-08-21,24,Low,1.0,Traction Distribution,1,TDMS
COA-SEC-02-20260914-0100-0127,SEC-02,Ambala,2026-09-14,2026-09-14 01:00:00,2026-09-14 04:30:00,2026-09-14 01:00:00,2026-09-14 04:24:00,2026-09-14 01:00:00,2026-09-14 02:06:00,OHE-SEC-02-0059,Traction Distribution,1.1,24.08,2026-08-27,18,Low,0.9714,Signal & Telecom|Traction Distribution,2,TDMS
COA-SEC-02-20260914-0100-0127,SEC-02,Ambala,2026-09-14,2026-09-14 01:00:00,2026-09-14 04:30:00,2026-09-14 01:00:00,2026-09-14 04:24:00,2026-09-14 02:06:00,2026-09-14 04:24:00,SIG-SEC-02-0141,Signal & Telecom,2.3,30.5,2026-08-18,27,Low,0.9714,Signal & Telecom|Traction Distribution,2,SMMS
COA-SEC-03-20260914-2300-0128,SEC-03,Delhi,2026-09-14,2026-09-14 23:00:00,2026-09-15 01:18:00,2026-09-14 23:00:00,2026-09-15 01:18:00,2026-09-14 23:00:00,2026-09-14 23:42:00,SIG-SEC-03-0120,Signal & Telecom,0.7,17.56,2026-09-04,11,Low,1.0,Signal & Telecom,1,SMMS
COA-SEC-03-20260914-2300-0128,SEC-03,Delhi,2026-09-14,2026-09-14 23:00:00,2026-09-15 01:18:00,2026-09-14 23:00:00,2026-09-15 01:18:00,2026-09-14 23:42:00,2026-09-15 00:36:00,SIG-SEC-03-0158,Signal & Telecom,0.9,27.46,2026-09-01,14,Low,1.0,Signal & Telecom,1,SMMS
COA-SEC-03-20260914-2300-0128,SEC-03,Delhi,2026-09-14,2026-09-14 23:00:00,2026-09-15 01:18:00,2026-09-14 23:00:00,2026-09-15 01:18:00,2026-09-15 00:36:00,2026-09-15 01:18:00,SIG-SEC-03-0138,Signal & Telecom,0.7,33.37,2026-08-22,24,Low,1.0,Signal & Telecom,1,SMMS
COA-SEC-04-20260914-2100-0129,SEC-04,Delhi,2026-09-14,2026-09-14 21:00:00,2026-09-15 01:00:00,2026-09-14 21:00:00,2026-09-15 01:00:00,2026-09-14 21:00:00,2026-09-14 23:00:00,SIG-SEC-04-0085,Signal & Telecom,2.0,17.52,2026-08-30,16,Low,1.0,Signal & Telecom|Traction Distribution,2,SMMS
COA-SEC-04-20260914-2100-0129,SEC-04,Delhi,2026-09-14,2026-09-14 21:00:00,2026-09-15 01:00:00,2026-09-14 21:00:00,2026-09-15 01:00:00,2026-09-14 23:00:00,2026-09-15 01:00:00,OHE-SEC-04-0012,Traction Distribution,2.0,12.42,2026-09-12,3,Low,1.0,Signal & Telecom|Traction Distribution,2,TDMS
COA-SEC-07-20260914-0000-0132,SEC-07,Firozpur,2026-09-14,2026-09-14 00:00:00,2026-09-14 03:06:00,2026-09-14 00:00:00,2026-09-14 02:06:00,2026-09-14 00:00:00,2026-09-14 02:06:00,SIG-SEC-07-0096,Signal & Telecom,2.1,84.87,2026-07-30,46,Medium,0.6774,Signal & Telecom,1,SMMS
COA-SEC-02-20260915-0100-0135,SEC-02,Ambala,2026-09-15,2026-09-15 01:00:00,2026-09-15 04:12:00,2026-09-15 01:00:00,2026-09-15 04:12:00,2026-09-15 01:00:00,2026-09-15 04:12:00,SIG-SEC-02-0090,Signal & Telecom,3.2,93.38,2026-07-30,47,Medium,1.0,Signal & Telecom,1,SMMS
COA-SEC-04-20260915-2300-0137,SEC-04,Delhi,2026-09-15,2026-09-15 23:00:00,2026-09-16 01:00:00,2026-09-15 23:00:00,2026-09-16 00:30:00,2026-09-15 23:00:00,2026-09-16 00:30:00,TRK-SEC-04-0121,Engineering,1.5,30.37,2026-08-20,27,Low,0.75,Engineering,1,TMS
COA-SEC-06-20260915-2200-0139,SEC-06,Moradabad,2026-09-15,2026-09-15 22:00:00,2026-09-16 00:12:00,2026-09-15 22:00:00,2026-09-15 23:48:00,2026-09-15 22:00:00,2026-09-15 22:36:00,SIG-SEC-06-0054,Signal & Telecom,0.6,15.31,2026-08-25,22,Low,0.8182,Signal & Telecom,1,SMMS
COA-SEC-06-20260915-2200-0139,SEC-06,Moradabad,2026-09-15,2026-09-15 22:00:00,2026-09-16 00:12:00,2026-09-15 22:00:00,2026-09-15 23:48:00,2026-09-15 22:36:00,2026-09-15 23:48:00,SIG-SEC-06-0013,Signal & Telecom,1.2,55.93,2026-08-17,30,Low,0.8182,Signal & Telecom,1,SMMS
COA-SEC-07-20260915-0000-0140,SEC-07,Firozpur,2026-09-15,2026-09-15 00:00:00,2026-09-15 01:48:00,2026-09-15 00:00:00,2026-09-15 01:48:00,2026-09-15 00:00:00,2026-09-15 01:48:00,SIG-SEC-07-0099,Signal & Telecom,1.8,18.64,2026-08-27,19,Low,1.0,Signal & Telecom,1,SMMS
COA-SEC-04-20260916-0100-0144,SEC-04,Delhi,2026-09-16,2026-09-16 01:00:00,2026-09-16 04:12:00,2026-09-16 01:00:00,2026-09-16 02:36:00,2026-09-16 01:00:00,2026-09-16 02:36:00,TRK-SEC-04-0173,Engineering,1.6,12.38,2026-09-04,12,Low,0.5,Engineering,1,TMS
COA-SEC-04-20260916-0200-0145,SEC-04,Delhi,2026-09-16,2026-09-16 02:00:00,2026-09-16 07:54:00,2026-09-16 02:36:00,2026-09-16 07:24:00,2026-09-16 02:36:00,2026-09-16 07:24:00,TRK-SEC-04-0028,Engineering,4.8,56.79,2026-08-16,31,Low,0.8136,Engineering,1,TMS
COA-SEC-06-20260916-2200-0147,SEC-06,Moradabad,2026-09-16,2026-09-16 22:00:00,2026-09-17 00:48:00,2026-09-16 22:00:00,2026-09-17 00:48:00,2026-09-16 22:00:00,2026-09-17 00:48:00,OHE-SEC-06-0089,Traction Distribution,2.8,86.27,2026-08-04,44,Low,1.0,Traction Distribution,1,TDMS
COA-SEC-07-20260916-2300-0148,SEC-07,Firozpur,2026-09-16,2026-09-16 23:00:00,2026-09-17 01:48:00,2026-09-16 23:00:00,2026-09-17 01:42:00,2026-09-16 23:00:00,2026-09-17 01:42:00,TRK-SEC-07-0128,Engineering,2.7,32.49,2026-08-24,24,Low,0.9643,Engineering,1,TMS
COA-SEC-02-20260917-2200-0152,SEC-02,Ambala,2026-09-17,2026-09-17 22:00:00,2026-09-17 23:48:00,2026-09-17 22:00:00,2026-09-17 23:48:00,2026-09-17 22:00:00,2026-09-17 23:48:00,OHE-SEC-02-0109,Traction Distribution,1.8,17.56,2026-09-07,10,Medium,1.0,Traction Distribution,1,TDMS
COA-SEC-04-20260917-0000-0154,SEC-04,Delhi,2026-09-17,2026-09-17 00:00:00,2026-09-17 05:24:00,2026-09-17 00:00:00,2026-09-17 05:12:00,2026-09-17 00:00:00,2026-09-17 03:36:00,TRK-SEC-04-0083,Engineering,3.6,53.59,2026-08-14,34,Low,0.963,Engineering|Traction Distribution,2,TMS
COA-SEC-04-20260917-0000-0154,SEC-04,Delhi,2026-09-17,2026-09-17 00:00:00,2026-09-17 05:24:00,2026-09-17 00:00:00,2026-09-17 05:12:00,2026-09-17 03:36:00,2026-09-17 05:12:00,OHE-SEC-04-0043,Traction Distribution,1.6,60.63,2026-08-27,21,Low,0.963,Engineering|Traction Distribution,2,TDMS
COA-SEC-07-20260917-0100-0157,SEC-07,Firozpur,2026-09-17,2026-09-17 01:00:00,2026-09-17 03:36:00,2026-09-17 01:42:00,2026-09-17 03:06:00,2026-09-17 01:42:00,2026-09-17 03:06:00,OHE-SEC-07-0093,Traction Distribution,1.4,30.45,2026-08-25,23,Medium,0.5385,Traction Distribution,1,TDMS
COA-SEC-08-20260917-2100-0158,SEC-08,Firozpur,2026-09-17,2026-09-17 21:00:00,2026-09-18 00:18:00,2026-09-17 21:00:00,2026-09-17 23:30:00,2026-09-17 21:00:00,2026-09-17 21:42:00,SIG-SEC-08-0019,Signal & Telecom,0.7,37.5,2026-09-06,12,Low,0.7576,Signal & Telecom,1,SMMS
COA-SEC-08-20260917-2100-0158,SEC-08,Firozpur,2026-09-17,2026-09-17 21:00:00,2026-09-18 00:18:00,2026-09-17 21:00:00,2026-09-17 23:30:00,2026-09-17 21:42:00,2026-09-17 23:30:00,SIG-SEC-08-0114,Signal & Telecom,1.8,63.37,2026-08-24,25,Low,0.7576,Signal & Telecom,1,SMMS
COA-SEC-02-20260918-2200-0161,SEC-02,Ambala,2026-09-18,2026-09-18 22:00:00,2026-09-19 00:00:00,2026-09-18 22:00:00,2026-09-19 00:00:00,2026-09-18 22:00:00,2026-09-19 00:00:00,TRK-SEC-02-0162,Engineering,2.0,20.84,2026-09-10,9,High,1.0,Engineering,1,TMS
COA-SEC-04-20260918-0200-0164,SEC-04,Delhi,2026-09-18,2026-09-18 02:00:00,2026-09-18 06:24:00,2026-09-18 02:00:00,2026-09-18 06:00:00,2026-09-18 02:00:00,2026-09-18 05:30:00,SIG-SEC-04-0077,Signal & Telecom,3.5,51.34,2026-09-02,16,Low,0.9091,Signal & Telecom,1,SMMS
COA-SEC-04-20260918-0200-0164,SEC-04,Delhi,2026-09-18,2026-09-18 02:00:00,2026-09-18 06:24:00,2026-09-18 02:00:00,2026-09-18 06:00:00,2026-09-18 05:30:00,2026-09-18 06:00:00,SIG-SEC-04-0175,Signal & Telecom,0.5,17.55,2026-08-29,20,Low,0.9091,Signal & Telecom,1,SMMS
COA-SEC-04-20260918-2100-0163,SEC-04,Delhi,2026-09-18,2026-09-18 21:00:00,2026-09-19 01:06:00,2026-09-18 21:00:00,2026-09-19 00:42:00,2026-09-18 21:00:00,2026-09-19 00:42:00,SIG-SEC-04-0063,Signal & Telecom,3.7,36.08,2026-08-19,31,Low,0.9024,Signal & Telecom,1,SMMS
COA-SEC-07-20260918-0100-0168,SEC-07,Firozpur,2026-09-18,2026-09-18 01:00:00,2026-09-18 04:00:00,2026-09-18 01:00:00,2026-09-18 03:24:00,2026-09-18 01:00:00,2026-09-18 02:00:00,OHE-SEC-07-0140,Traction Distribution,1.0,34.7,2026-09-03,15,Low,0.8,Signal & Telecom|Traction Distribution,2,TDMS
COA-SEC-07-20260918-0100-0168,SEC-07,Firozpur,2026-09-18,2026-09-18 01:00:00,2026-09-18 04:00:00,2026-09-18 01:00:00,2026-09-18 03:24:00,2026-09-18 02:00:00,2026-09-18 03:24:00,SIG-SEC-07-0080,Signal & Telecom,1.4,17.98,2026-08-21,28,Low,0.8,Signal & Telecom|Traction Distribution,2,SMMS
COA-SEC-01-20260919-2300-0169,SEC-01,Ambala,2026-09-19,2026-09-19 23:00:00,2026-09-20 01:42:00,2026-09-19 23:00:00,2026-09-20 01:06:00,2026-09-19 23:00:00,2026-09-20 01:06:00,SIG-SEC-01-0143,Signal & Telecom,2.1,73.19,2026-08-24,27,Low,0.7778,Signal & Telecom,1,SMMS
COA-SEC-02-20260919-0100-0170,SEC-02,Ambala,2026-09-19,2026-09-19 01:00:00,2026-09-19 04:06:00,2026-09-19 01:00:00,2026-09-19 04:00:00,2026-09-19 01:00:00,2026-09-19 04:00:00,SIG-SEC-02-0123,Signal & Telecom,3.0,78.45,2026-08-14,36,Low,0.9677,Signal & Telecom,1,SMMS
COA-SEC-04-20260919-2100-0173,SEC-04,Delhi,2026-09-19,2026-09-19 21:00:00,2026-09-20 01:24:00,2026-09-19 21:00:00,2026-09-20 00:18:00,2026-09-19 21:00:00,2026-09-20 00:18:00,OHE-SEC-04-0145,Traction Distribution,3.3,32.67,2026-08-22,29,Low,0.75,Traction Distribution,1,TDMS
COA-SEC-04-20260919-2200-0172,SEC-04,Delhi,2026-09-19,2026-09-19 22:00:00,2026-09-20 03:54:00,2026-09-20 00:18:00,2026-09-20 03:48:00,2026-09-20 00:18:00,2026-09-20 03:48:00,SIG-SEC-04-0078,Signal & Telecom,3.5,35.59,2026-08-15,36,Low,0.5932,Signal & Telecom,1,SMMS
COA-SEC-07-20260919-0000-0176,SEC-07,Firozpur,2026-09-19,2026-09-19 00:00:00,2026-09-19 01:36:00,2026-09-19 00:00:00,2026-09-19 01:24:00,2026-09-19 00:00:00,2026-09-19 01:24:00,SIG-SEC-07-0002,Signal & Telecom,1.4,16.86,2026-08-27,23,Low,0.875,Signal & Telecom,1,SMMS
COA-SEC-04-20260920-2100-0180,SEC-04,Delhi,2026-09-20,2026-09-20 21:00:00,2026-09-21 01:24:00,2026-09-20 21:00:00,2026-09-21 00:48:00,2026-09-20 21:00:00,2026-09-21 00:48:00,OHE-SEC-04-0116,Traction Distribution,3.8,78.97,2026-08-18,34,Low,0.8636,Traction Distribution,1,TDMS
COA-SEC-07-20260920-2300-0184,SEC-07,Firozpur,2026-09-20,2026-09-20 23:00:00,2026-09-21 00:30:00,2026-09-20 23:00:00,2026-09-21 00:06:00,2026-09-20 23:00:00,2026-09-21 00:06:00,OHE-SEC-07-0046,Traction Distribution,1.1,53.81,2026-08-26,26,Low,0.7333,Traction Distribution,1,TDMS
COA-SEC-02-20260921-0100-0186,SEC-02,Ambala,2026-09-21,2026-09-21 01:00:00,2026-09-21 03:12:00,2026-09-21 01:00:00,2026-09-21 03:00:00,2026-09-21 01:00:00,2026-09-21 03:00:00,SIG-SEC-02-0010,Signal & Telecom,2.0,20.88,2026-09-10,11,Low,0.9091,Signal & Telecom,1,SMMS
COA-SEC-04-20260921-0000-0188,SEC-04,Delhi,2026-09-21,2026-09-21 00:00:00,2026-09-21 03:54:00,2026-09-21 00:48:00,2026-09-21 02:42:00,2026-09-21 00:48:00,2026-09-21 02:42:00,OHE-SEC-04-0009,Traction Distribution,1.9,27.97,2026-08-31,21,Low,0.4872,Traction Distribution,1,TDMS
COA-SEC-04-20260921-2200-0189,SEC-04,Delhi,2026-09-21,2026-09-21 22:00:00,2026-09-22 03:36:00,2026-09-21 22:00:00,2026-09-22 03:36:00,2026-09-21 22:00:00,2026-09-22 03:36:00,SIG-SEC-04-0081,Signal & Telecom,5.6,82.68,2026-08-15,38,Medium,1.0,Signal & Telecom,1,SMMS
COA-SEC-05-20260921-0100-0190,SEC-05,Moradabad,2026-09-21,2026-09-21 01:00:00,2026-09-21 02:54:00,2026-09-21 01:00:00,2026-09-21 02:54:00,2026-09-21 01:00:00,2026-09-21 02:54:00,SIG-SEC-05-0108,Signal & Telecom,1.9,45.95,2026-09-01,20,Low,1.0,Signal & Telecom,1,SMMS
COA-SEC-07-20260921-0000-0192,SEC-07,Firozpur,2026-09-21,2026-09-21 00:00:00,2026-09-21 02:54:00,2026-09-21 00:06:00,2026-09-21 02:54:00,2026-09-21 00:06:00,2026-09-21 02:54:00,OHE-SEC-07-0001,Traction Distribution,2.8,54.45,2026-08-31,21,Low,0.9655,Traction Distribution,1,TDMS
COA-SEC-02-20260922-2200-0195,SEC-02,Ambala,2026-09-22,2026-09-22 22:00:00,2026-09-23 00:30:00,2026-09-22 22:00:00,2026-09-23 00:24:00,2026-09-22 22:00:00,2026-09-23 00:24:00,OHE-SEC-02-0100,Traction Distribution,2.4,33.45,2026-08-19,35,Medium,0.96,Traction Distribution,1,TDMS
COA-SEC-04-20260922-2200-0196,SEC-04,Delhi,2026-09-22,2026-09-22 22:00:00,2026-09-23 02:24:00,2026-09-22 22:00:00,2026-09-23 02:24:00,2026-09-22 22:00:00,2026-09-23 01:30:00,TRK-SEC-04-0020,Engineering,3.5,50.89,2026-08-17,37,Low,1.0,Engineering|Traction Distribution,2,TMS
COA-SEC-04-20260922-2200-0196,SEC-04,Delhi,2026-09-22,2026-09-22 22:00:00,2026-09-23 02:24:00,2026-09-22 22:00:00,2026-09-23 02:24:00,2026-09-23 01:30:00,2026-09-23 02:24:00,OHE-SEC-04-0112,Traction Distribution,0.9,27.54,2026-09-08,15,Low,1.0,Engineering|Traction Distribution,2,TDMS
COA-SEC-07-20260922-0100-0200,SEC-07,Firozpur,2026-09-22,2026-09-22 01:00:00,2026-09-22 04:06:00,2026-09-22 01:00:00,2026-09-22 03:30:00,2026-09-22 01:00:00,2026-09-22 03:30:00,TRK-SEC-07-0158,Engineering,2.5,42.64,2026-08-12,41,Low,0.8065,Engineering,1,TMS
COA-SEC-02-20260923-2200-0203,SEC-02,Ambala,2026-09-23,2026-09-23 22:00:00,2026-09-24 00:48:00,2026-09-23 22:00:00,2026-09-24 00:24:00,2026-09-23 22:00:00,2026-09-23 23:36:00,TRK-SEC-02-0014,Engineering,1.6,21.24,2026-08-24,31,Low,0.8571,Engineering|Signal & Telecom,2,TMS
COA-SEC-02-20260923-2200-0203,SEC-02,Ambala,2026-09-23,2026-09-23 22:00:00,2026-09-24 00:48:00,2026-09-23 22:00:00,2026-09-24 00:24:00,2026-09-23 23:36:00,2026-09-24 00:24:00,SIG-SEC-02-0160,Signal & Telecom,0.8,12.48,2026-09-13,11,Low,0.8571,Engineering|Signal & Telecom,2,SMMS
COA-SEC-03-20260923-2200-0204,SEC-03,Delhi,2026-09-23,2026-09-23 22:00:00,2026-09-24 00:06:00,2026-09-23 22:00:00,2026-09-24 00:06:00,2026-09-23 22:00:00,2026-09-23 23:06:00,SIG-SEC-03-0004,Signal & Telecom,1.1,48.03,2026-09-02,22,Low,1.0,Signal & Telecom,1,SMMS
COA-SEC-03-20260923-2200-0204,SEC-03,Delhi,2026-09-23,2026-09-23 22:00:00,2026-09-24 00:06:00,2026-09-23 22:00:00,2026-09-24 00:06:00,2026-09-23 23:06:00,2026-09-24 00:06:00,SIG-SEC-03-0180,Signal & Telecom,1.0,35.9,2026-09-01,23,Low,1.0,Signal & Telecom,1,SMMS
COA-SEC-04-20260923-2100-0205,SEC-04,Delhi,2026-09-23,2026-09-23 21:00:00,2026-09-23 23:48:00,2026-09-23 21:00:00,2026-09-23 23:36:00,2026-09-23 21:00:00,2026-09-23 23:36:00,OHE-SEC-04-0027,Traction Distribution,2.6,49.28,2026-08-29,25,Low,0.9286,Traction Distribution,1,TDMS
COA-SEC-02-20260924-2200-0211,SEC-02,Ambala,2026-09-24,2026-09-24 22:00:00,2026-09-24 23:36:00,2026-09-24 22:00:00,2026-09-24 23:00:00,2026-09-24 22:00:00,2026-09-24 23:00:00,TRK-SEC-02-0113,Engineering,1.0,20.63,2026-08-27,28,Low,0.625,Engineering,1,TMS
COA-SEC-05-20260924-0000-0213,SEC-05,Moradabad,2026-09-24,2026-09-24 00:00:00,2026-09-24 01:30:00,2026-09-24 00:00:00,2026-09-24 01:30:00,2026-09-24 00:00:00,2026-09-24 00:36:00,SIG-SEC-05-0107,Signal & Telecom,0.6,27.5,2026-09-03,21,Low,1.0,Signal & Telecom,1,SMMS
COA-SEC-05-20260924-0000-0213,SEC-05,Moradabad,2026-09-24,2026-09-24 00:00:00,2026-09-24 01:30:00,2026-09-24 00:00:00,2026-09-24 01:30:00,2026-09-24 00:36:00,2026-09-24 01:30:00,SIG-SEC-05-0084,Signal & Telecom,0.9,32.87,2026-08-30,25,Low,1.0,Signal & Telecom,1,SMMS
COA-SEC-06-20260924-0100-0214,SEC-06,Moradabad,2026-09-24,2026-09-24 01:00:00,2026-09-24 06:24:00,2026-09-24 01:00:00,2026-09-24 06:24:00,2026-09-24 01:00:00,2026-09-24 02:00:00,OHE-SEC-06-0102,Traction Distribution,1.0,27.67,2026-08-30,25,Low,1.0,Engineering|Traction Distribution,2,TDMS
COA-SEC-06-20260924-0100-0214,SEC-06,Moradabad,2026-09-24,2026-09-24 01:00:00,2026-09-24 06:24:00,2026-09-24 01:00:00,2026-09-24 06:24:00,2026-09-24 02:00:00,2026-09-24 04:42:00,TRK-SEC-06-0067,Engineering,2.7,22.25,2026-08-22,33,Low,1.0,Engineering|Traction Distribution,2,TMS
COA-SEC-06-20260924-0100-0214,SEC-06,Moradabad,2026-09-24,2026-09-24 01:00:00,2026-09-24 06:24:00,2026-09-24 01:00:00,2026-09-24 06:24:00,2026-09-24 04:42:00,2026-09-24 05:48:00,TRK-SEC-06-0174,Engineering,1.1,21.14,2026-08-24,31,Low,1.0,Engineering|Traction Distribution,2,TMS
COA-SEC-06-20260924-0100-0214,SEC-06,Moradabad,2026-09-24,2026-09-24 01:00:00,2026-09-24 06:24:00,2026-09-24 01:00:00,2026-09-24 06:24:00,2026-09-24 05:48:00,2026-09-24 06:24:00,OHE-SEC-06-0099,Traction Distribution,0.6,26.76,2026-08-20,35,Low,1.0,Engineering|Traction Distribution,2,TDMS
COA-SEC-07-20260924-0100-0216,SEC-07,Firozpur,2026-09-24,2026-09-24 01:00:00,2026-09-24 02:42:00,2026-09-24 01:00:00,2026-09-24 02:42:00,2026-09-24 01:00:00,2026-09-24 02:06:00,TRK-SEC-07-0141,Engineering,1.1,27.51,2026-09-13,11,High,1.0,Engineering|Signal & Telecom,2,TMS
COA-SEC-07-20260924-0100-0216,SEC-07,Firozpur,2026-09-24,2026-09-24 01:00:00,2026-09-24 02:42:00,2026-09-24 01:00:00,2026-09-24 02:42:00,2026-09-24 02:06:00,2026-09-24 02:42:00,SIG-SEC-07-0062,Signal & Telecom,0.6,13.08,2026-08-28,27,High,1.0,Engineering|Signal & Telecom,2,SMMS
COA-SEC-08-20260924-2300-0217,SEC-08,Firozpur,2026-09-24,2026-09-24 23:00:00,2026-09-25 02:54:00,2026-09-24 23:00:00,2026-09-25 02:42:00,2026-09-24 23:00:00,2026-09-25 01:00:00,TRK-SEC-08-0199,Engineering,2.0,19.39,2026-09-11,14,Low,0.9487,Engineering,1,TMS
COA-SEC-08-20260924-2300-0217,SEC-08,Firozpur,2026-09-24,2026-09-24 23:00:00,2026-09-25 02:54:00,2026-09-24 23:00:00,2026-09-25 02:42:00,2026-09-25 01:00:00,2026-09-25 02:42:00,TRK-SEC-08-0211,Engineering,1.7,12.38,2026-09-02,23,Low,0.9487,Engineering,1,TMS
COA-SEC-07-20260925-2200-0224,SEC-07,Firozpur,2026-09-25,2026-09-25 22:00:00,2026-09-26 00:06:00,2026-09-25 22:00:00,2026-09-26 00:06:00,2026-09-25 22:00:00,2026-09-26 00:06:00,TRK-SEC-07-0127,Engineering,2.1,28.93,2026-08-30,27,Low,1.0,Engineering,1,TMS
COA-SEC-03-20260926-2300-0228,SEC-03,Delhi,2026-09-26,2026-09-26 23:00:00,2026-09-27 00:48:00,2026-09-26 23:00:00,2026-09-27 00:24:00,2026-09-26 23:00:00,2026-09-27 00:24:00,OHE-SEC-03-0096,Traction Distribution,1.4,21.43,2026-08-27,31,Low,0.7778,Traction Distribution,1,TDMS
COA-SEC-04-20260926-0000-0229,SEC-04,Delhi,2026-09-26,2026-09-26 00:00:00,2026-09-26 05:54:00,2026-09-26 00:00:00,2026-09-26 04:48:00,2026-09-26 00:00:00,2026-09-26 04:48:00,TRK-SEC-04-0190,Engineering,4.8,25.98,2026-08-25,32,Low,0.8136,Engineering,1,TMS
COA-SEC-07-20260926-2200-0232,SEC-07,Firozpur,2026-09-26,2026-09-26 22:00:00,2026-09-27 00:12:00,2026-09-26 22:01:00,2026-09-26 23:25:00,2026-09-26 22:01:00,2026-09-26 22:43:00,SIG-SEC-07-0145,Signal & Telecom,0.7,13.11,2026-08-28,30,Low,0.6364,Signal & Telecom,1,SMMS
COA-SEC-07-20260926-2200-0232,SEC-07,Firozpur,2026-09-26,2026-09-26 22:00:00,2026-09-27 00:12:00,2026-09-26 22:01:00,2026-09-26 23:25:00,2026-09-26 22:43:00,2026-09-26 23:25:00,SIG-SEC-07-0146,Signal & Telecom,0.7,12.41,2026-09-03,24,Low,0.6364,Signal & Telecom,1,SMMS
COA-SEC-08-20260926-0000-0233,SEC-08,Firozpur,2026-09-26,2026-09-26 00:00:00,2026-09-26 02:06:00,2026-09-26 00:00:00,2026-09-26 01:42:00,2026-09-26 00:00:00,2026-09-26 01:42:00,OHE-SEC-08-0129,Traction Distribution,1.7,17.55,2026-09-05,21,Low,0.8095,Traction Distribution,1,TDMS
COA-SEC-02-20260927-0000-0235,SEC-02,Ambala,2026-09-27,2026-09-27 00:00:00,2026-09-27 02:36:00,2026-09-27 00:00:00,2026-09-27 02:30:00,2026-09-27 00:00:00,2026-09-27 01:06:00,OHE-SEC-02-0101,Traction Distribution,1.1,48.53,2026-08-28,30,Low,0.9615,Signal & Telecom|Traction Distribution,2,TDMS
COA-SEC-02-20260927-0000-0235,SEC-02,Ambala,2026-09-27,2026-09-27 00:00:00,2026-09-27 02:36:00,2026-09-27 00:00:00,2026-09-27 02:30:00,2026-09-27 01:06:00,2026-09-27 02:30:00,SIG-SEC-02-0034,Signal & Telecom,1.4,45.92,2026-09-06,21,Low,0.9615,Signal & Telecom|Traction Distribution,2,SMMS
COA-SEC-07-20260927-0000-0240,SEC-07,Firozpur,2026-09-27,2026-09-27 00:00:00,2026-09-27 02:36:00,2026-09-27 00:00:00,2026-09-27 02:36:00,2026-09-27 00:00:00,2026-09-27 02:36:00,SIG-SEC-07-0132,Signal & Telecom,2.6,40.29,2026-08-16,42,Medium,1.0,Signal & Telecom,1,SMMS
COA-SEC-08-20260927-2300-0241,SEC-08,Firozpur,2026-09-27,2026-09-27 23:00:00,2026-09-28 04:48:00,2026-09-27 23:00:00,2026-09-28 04:48:00,2026-09-27 23:00:00,2026-09-28 00:54:00,TRK-SEC-08-0035,Engineering,1.9,27.52,2026-09-13,15,Low,1.0,Engineering|Traction Distribution,2,TMS
COA-SEC-08-20260927-2300-0241,SEC-08,Firozpur,2026-09-27,2026-09-27 23:00:00,2026-09-28 04:48:00,2026-09-27 23:00:00,2026-09-28 04:48:00,2026-09-28 00:54:00,2026-09-28 03:24:00,OHE-SEC-08-0135,Traction Distribution,2.5,53.92,2026-08-20,39,Low,1.0,Engineering|Traction Distribution,2,TDMS
COA-SEC-08-20260927-2300-0241,SEC-08,Firozpur,2026-09-27,2026-09-27 23:00:00,2026-09-28 04:48:00,2026-09-27 23:00:00,2026-09-28 04:48:00,2026-09-28 03:24:00,2026-09-28 04:48:00,OHE-SEC-08-0019,Traction Distribution,1.4,31.39,2026-08-30,29,Low,1.0,Engineering|Traction Distribution,2,TDMS
COA-SEC-02-20260928-0100-0243,SEC-02,Ambala,2026-09-28,2026-09-28 01:00:00,2026-09-28 03:30:00,2026-09-28 01:00:00,2026-09-28 03:12:00,2026-09-28 01:00:00,2026-09-28 03:12:00,SIG-SEC-02-0142,Signal & Telecom,2.2,62.62,2026-08-10,49,Low,0.88,Signal & Telecom,1,SMMS
COA-SEC-04-20260928-0000-0246,SEC-04,Delhi,2026-09-28,2026-09-28 00:00:00,2026-09-28 02:48:00,2026-09-28 00:00:00,2026-09-28 02:48:00,2026-09-28 00:00:00,2026-09-28 02:12:00,TRK-SEC-04-0081,Engineering,2.2,56.01,2026-08-27,32,Low,1.0,Engineering|Traction Distribution,2,TMS
COA-SEC-04-20260928-0000-0246,SEC-04,Delhi,2026-09-28,2026-09-28 00:00:00,2026-09-28 02:48:00,2026-09-28 00:00:00,2026-09-28 02:48:00,2026-09-28 02:12:00,2026-09-28 02:48:00,OHE-SEC-04-0063,Traction Distribution,0.6,22.78,2026-08-21,38,Low,1.0,Engineering|Traction Distribution,2,TDMS
COA-SEC-05-20260928-2200-0247,SEC-05,Moradabad,2026-09-28,2026-09-28 22:00:00,2026-09-29 00:54:00,2026-09-28 22:00:00,2026-09-29 00:18:00,2026-09-28 22:00:00,2026-09-28 23:48:00,OHE-SEC-05-0131,Traction Distribution,1.8,65.48,2026-08-18,42,Medium,0.7931,Traction Distribution,1,TDMS
COA-SEC-05-20260928-2200-0247,SEC-05,Moradabad,2026-09-28,2026-09-28 22:00:00,2026-09-29 00:54:00,2026-09-28 22:00:00,2026-09-29 00:18:00,2026-09-28 23:48:00,2026-09-29 00:18:00,OHE-SEC-05-0115,Traction Distribution,0.5,17.55,2026-09-13,16,Medium,0.7931,Traction Distribution,1,TDMS
COA-SEC-07-20260928-0000-0248,SEC-07,Firozpur,2026-09-28,2026-09-28 00:00:00,2026-09-28 03:00:00,2026-09-28 00:00:00,2026-09-28 01:48:00,2026-09-28 00:00:00,2026-09-28 01:48:00,TRK-SEC-07-0142,Engineering,1.8,12.4,2026-09-10,18,Medium,0.6,Engineering,1,TMS
COA-SEC-02-20260929-2300-0251,SEC-02,Ambala,2026-09-29,2026-09-29 23:00:00,2026-09-30 01:48:00,2026-09-29 23:00:00,2026-09-30 01:36:00,2026-09-29 23:00:00,2026-09-30 01:36:00,TRK-SEC-02-0016,Engineering,2.6,23.31,2026-08-20,41,Medium,0.9286,Engineering,1,TMS
COA-SEC-06-20260929-2300-0255,SEC-06,Moradabad,2026-09-29,2026-09-29 23:00:00,2026-09-30 05:00:00,2026-09-29 23:00:00,2026-09-30 01:48:00,2026-09-29 23:00:00,2026-09-30 01:48:00,OHE-SEC-06-0016,Traction Distribution,2.8,40.98,2026-08-17,44,Low,0.4667,Traction Distribution,1,TDMS
COA-SEC-07-20260929-2200-0256,SEC-07,Firozpur,2026-09-29,2026-09-29 22:00:00,2026-09-29 23:54:00,2026-09-29 22:00:00,2026-09-29 23:18:00,2026-09-29 22:00:00,2026-09-29 23:18:00,OHE-SEC-07-0044,Traction Distribution,1.3,26.88,2026-08-20,40,Low,0.6842,Traction Distribution,1,TDMS
COA-SEC-02-20260930-2300-0259,SEC-02,Ambala,2026-09-30,2026-09-30 23:00:00,2026-10-01 01:18:00,2026-09-30 23:00:00,2026-10-01 01:00:00,2026-09-30 23:00:00,2026-10-01 00:30:00,OHE-SEC-02-0094,Traction Distribution,1.5,22.43,2026-09-08,23,Low,0.8696,Traction Distribution,1,TDMS
COA-SEC-02-20260930-2300-0259,SEC-02,Ambala,2026-09-30,2026-09-30 23:00:00,2026-10-01 01:18:00,2026-09-30 23:00:00,2026-10-01 01:00:00,2026-10-01 00:30:00,2026-10-01 01:00:00,OHE-SEC-02-0051,Traction Distribution,0.5,18.42,2026-08-20,42,Low,0.8696,Traction Distribution,1,TDMS
COA-SEC-04-20260930-2100-0261,SEC-04,Delhi,2026-09-30,2026-09-30 21:00:00,2026-10-01 01:18:00,2026-09-30 21:00:00,2026-09-30 23:54:00,2026-09-30 21:00:00,2026-09-30 23:54:00,OHE-SEC-04-0068,Traction Distribution,2.9,86.75,2026-08-06,56,Low,0.6744,Traction Distribution,1,TDMS
COA-SEC-06-20260930-0200-0262,SEC-06,Moradabad,2026-09-30,2026-09-30 02:00:00,2026-09-30 07:42:00,2026-09-30 02:00:00,2026-09-30 07:42:00,2026-09-30 02:00:00,2026-09-30 03:24:00,SIG-SEC-06-0042,Signal & Telecom,1.4,12.51,2026-09-02,28,Medium,1.0,Signal & Telecom,1,SMMS
COA-SEC-06-20260930-0200-0262,SEC-06,Moradabad,2026-09-30,2026-09-30 02:00:00,2026-09-30 07:42:00,2026-09-30 02:00:00,2026-09-30 07:42:00,2026-09-30 03:24:00,2026-09-30 05:36:00,SIG-SEC-06-0179,Signal & Telecom,2.2,54.32,2026-08-18,43,Medium,1.0,Signal & Telecom,1,SMMS
COA-SEC-06-20260930-0200-0262,SEC-06,Moradabad,2026-09-30,2026-09-30 02:00:00,2026-09-30 07:42:00,2026-09-30 02:00:00,2026-09-30 07:42:00,2026-09-30 05:36:00,2026-09-30 07:00:00,SIG-SEC-06-0135,Signal & Telecom,1.4,15.89,2026-09-11,19,Medium,1.0,Signal & Telecom,1,SMMS
COA-SEC-06-20260930-0200-0262,SEC-06,Moradabad,2026-09-30,2026-09-30 02:00:00,2026-09-30 07:42:00,2026-09-30 02:00:00,2026-09-30 07:42:00,2026-09-30 07:00:00,2026-09-30 07:42:00,SIG-SEC-06-0066,Signal & Telecom,0.7,17.45,2026-08-30,31,Medium,1.0,Signal & Telecom,1,SMMS
COA-SEC-07-20260930-2200-0264,SEC-07,Firozpur,2026-09-30,2026-09-30 22:00:00,2026-10-01 00:18:00,2026-09-30 22:00:00,2026-09-30 23:24:00,2026-09-30 22:00:00,2026-09-30 23:24:00,OHE-SEC-07-0149,Traction Distribution,1.4,34.78,2026-08-19,43,Medium,0.6087,Traction Distribution,1,TDMS
COA-SEC-01-20261001-0100-0267,SEC-01,Ambala,2026-10-01,2026-10-01 01:00:00,2026-10-01 03:42:00,2026-10-01 01:00:00,2026-10-01 03:42:00,2026-10-01 01:00:00,2026-10-01 02:00:00,OHE-SEC-01-0021,Traction Distribution,1.0,20.8,2026-09-09,22,Low,1.0,Traction Distribution,1,TDMS
COA-SEC-01-20261001-0100-0267,SEC-01,Ambala,2026-10-01,2026-10-01 01:00:00,2026-10-01 03:42:00,2026-10-01 01:00:00,2026-10-01 03:42:00,2026-10-01 02:00:00,2026-10-01 03:42:00,OHE-SEC-01-0124,Traction Distribution,1.7,54.49,2026-08-19,43,Low,1.0,Traction Distribution,1,TDMS
COA-SEC-02-20261001-2200-0268,SEC-02,Ambala,2026-10-01,2026-10-01 22:00:00,2026-10-02 01:18:00,2026-10-01 22:00:00,2026-10-02 00:54:00,2026-10-01 22:00:00,2026-10-02 00:54:00,TRK-SEC-02-0064,Engineering,2.9,14.84,2026-08-26,37,Low,0.8788,Engineering,1,TMS
COA-SEC-07-20261001-2200-0273,SEC-07,Firozpur,2026-10-01,2026-10-01 22:00:00,2026-10-02 00:00:00,2026-10-01 22:00:00,2026-10-01 23:36:00,2026-10-01 22:00:00,2026-10-01 23:36:00,OHE-SEC-07-0006,Traction Distribution,1.6,20.18,2026-08-22,41,Low,0.8,Traction Distribution,1,TDMS
COA-SEC-08-20261001-2100-0274,SEC-08,Firozpur,2026-10-01,2026-10-01 21:00:00,2026-10-02 00:24:00,2026-10-01 21:00:00,2026-10-02 00:24:00,2026-10-01 21:00:00,2026-10-01 23:06:00,SIG-SEC-08-0039,Signal & Telecom,2.1,83.77,2026-08-01,60,Low,1.0,Signal & Telecom,1,SMMS
COA-SEC-08-20261001-2100-0274,SEC-08,Firozpur,2026-10-01,2026-10-01 21:00:00,2026-10-02 00:24:00,2026-10-01 21:00:00,2026-10-02 00:24:00,2026-10-01 23:06:00,2026-10-02 00:24:00,SIG-SEC-08-0030,Signal & Telecom,1.3,33.42,2026-09-10,22,Low,1.0,Signal & Telecom,1,SMMS
COA-SEC-02-20261002-0000-0276,SEC-02,Ambala,2026-10-02,2026-10-02 00:00:00,2026-10-02 02:06:00,2026-10-02 00:54:00,2026-10-02 02:06:00,2026-10-02 00:54:00,2026-10-02 02:06:00,OHE-SEC-02-0117,Traction Distribution,1.2,28.0,2026-09-01,31,Low,0.5714,Traction Distribution,1,TDMS
COA-SEC-07-20261002-2200-0282,SEC-07,Firozpur,2026-10-02,2026-10-02 22:00:00,2026-10-03 00:00:00,2026-10-02 22:00:00,2026-10-02 23:36:00,2026-10-02 22:00:00,2026-10-02 23:36:00,OHE-SEC-07-0049,Traction Distribution,1.6,19.16,2026-09-13,20,High,0.8,Traction Distribution,1,TDMS
